Ticker,Company,Sector,Price,MarketCap,Value,Quality,Momentum,Growth,LowVol,Composite,Percentile,Quintile,Ret1M,Ret6M,Ret12M,FCFYield,EV_EBITDA,Volatility,Beta
CVX,Chevron Corporation,Energy,206.69,405443805184,0.5669,-0.0646,0.5205,2.1259,0.9413,0.6687,100.0,1,-0.024,0.0575,0.3898,0.0541,8.6784,0.2345,-0.4922
NVDA,NVIDIA Corporation,Technology,233.95,5649190617088,-0.5746,1.2295,0.8494,2.2414,-1.3995,0.5723,98.0,1,0.0437,0.3219,0.2525,0.0074,27.8963,0.3876,1.8808
ABBV,AbbVie Inc.,Healthcare,262.82,464433774592,-0.3801,0.8041,0.5365,0.8667,0.7675,0.4469,96.0,1,0.0042,0.2779,0.1088,0.0363,17.1894,0.2158,-0.1128
COP,ConocoPhillips,Energy,126.75,152269520896,0.733,-0.0458,0.4244,0.5998,0.6656,0.4344,94.0,1,-0.0762,-0.0151,0.3696,0.0505,6.2684,0.2986,-0.5238
LLY,Eli Lilly and Company,Healthcare,1142.85,1019126611968,-0.6067,0.8603,0.9868,0.509,0.1279,0.3992,92.0,1,-0.0149,0.2254,0.3933,0.0109,25.5268,0.2951,0.2824
XOM,ExxonMobil Holdings Corporation,Energy,164.01,674394669056,0.2826,-0.2449,0.6169,0.8476,0.9205,0.3828,90.0,1,-0.0009,0.0342,0.507,0.0307,10.4936,0.2466,-0.5626
GOOGL,Alphabet Inc.,Communication Services,343.5,4200982642688,-0.099,0.4626,0.7379,1.2411,-0.8554,0.376,88.0,1,0.0196,0.1628,0.4063,0.0054,23.6616,0.3479,1.3564
CSCO,"Cisco Systems, Inc.",Technology,112.2,442358235136,-0.4065,0.2226,1.9335,-0.1288,-0.5758,0.3605,86.0,1,0.029,0.4307,0.6723,0.0253,24.5481,0.3326,1.0532
AAPL,Apple Inc.,Technology,333.69,4869931925504,-0.6075,1.0061,0.9533,-0.2756,-0.0457,0.292,84.0,1,0.0269,0.3062,0.3111,0.0221,29.1254,0.2726,0.6871
BRK-B,Berkshire Hathaway Inc.,Financial Services,502.65,1076027719680,1.2729,-0.2433,-0.2882,-0.0456,1.0353,0.282,82.0,1,-0.0051,0.053,0.0089,0.0669,,0.138,0.0122
V,Visa Inc.,Financial Services,360.66,677086953472,-0.2459,0.9301,0.3073,-0.4185,0.6285,0.248,80.0,2,-0.0469,0.2037,0.0452,0.0301,21.6589,0.1863,0.2885
MA,Mastercard Incorporated,Financial Services,552.26,483785244672,-0.219,1.1916,-0.0524,-0.367,0.5787,0.2329,78.0,2,-0.061,0.123,-0.0315,0.0351,22.378,0.1966,0.2914
MS,Morgan Stanley,Financial Services,190.31,298894458880,0.9024,-0.6732,0.7334,0.1872,-0.5057,0.2182,76.0,2,-0.1015,0.1603,0.2405,,,0.2657,1.4029
VZ,Verizon Communications Inc.,Communication Services,45.92,190787272704,1.4288,-0.2411,-0.1504,-0.963,0.8047,0.1953,74.0,2,-0.0856,-0.0404,0.1193,0.0916,7.5156,0.2354,-0.2997
MRK,"Merck & Co., Inc.",Healthcare,144.3,356012851200,-0.3191,0.0353,1.4815,-0.6877,-0.037,0.1926,72.0,2,-0.0428,0.2095,0.648,0.0426,13.9529,0.3454,0.1823
JNJ,Johnson & Johnson,Healthcare,256.03,617006301184,-0.1685,0.2671,0.7134,-0.6723,0.8724,0.1894,70.0,2,-0.0697,0.0647,0.4071,0.0274,18.5044,0.2027,-0.177
CRM,"Salesforce, Inc.",Technology,234.69,193149878272,0.5899,0.2031,0.4785,0.0299,-1.3609,0.1862,68.0,2,-0.085,0.2624,0.0042,0.0918,17.3752,0.6179,0.4624
UNH,UnitedHealth Group Incorporated,Healthcare,371.9,333815513088,0.4375,-0.4927,0.8951,-0.5201,0.4041,0.1724,66.0,2,-0.0637,0.3573,0.0962,0.0727,14.3614,0.2144,0.425
AVGO,Broadcom Inc.,Technology,355.14,1695307005952,-0.8092,0.516,0.1242,2.4112,-1.5566,0.1638,64.0,2,-0.0312,0.1329,0.0732,0.018,33.1181,0.3798,2.1617
ADBE,Adobe Inc.,Technology,237.69,92508946432,1.293,0.8503,-0.8921,-0.4552,-0.8083,0.1637,62.0,2,-0.1505,-0.0215,-0.3085,0.101,9.4438,0.4854,0.3598
HON,Honeywell International Inc.,Industrials,213.99,67821993984,1.2641,-0.2832,-0.7448,0.5848,-0.0111,0.1456,60.0,3,0.0384,-0.1032,0.0502,0.0385,11.0316,0.2616,0.7105
BAC,Bank of America Corporation,Financial Services,53.75,375860232192,1.6357,-1.3777,0.3147,-0.2386,0.2418,0.1316,58.0,3,-0.137,0.0997,0.0832,,,0.2043,0.7296
UNP,Union Pacific Corporation,Industrials,278.28,165319327744,0.0991,0.0019,0.4653,-0.5102,0.535,0.1185,56.0,3,-0.0395,0.1484,0.2105,0.0286,15.0865,0.2142,0.2363
KO,The Coca-Cola Company,Consumer Defensive,85.65,368513318912,-0.3236,0.1818,0.5842,-0.5813,0.9299,0.1164,54.0,3,-0.0236,0.1303,0.3167,0.0142,23.448,0.2011,-0.2498
GS,"The Goldman Sachs Group, Inc.",Financial Services,902.56,262799654912,1.2187,-1.0414,0.2816,0.705,-1.0607,0.1144,52.0,3,-0.1014,0.0555,0.1716,,,0.3558,1.6023
AMZN,"Amazon.com, Inc.",Consumer Cyclical,251.52,2712973606912,-0.0907,0.1106,0.4085,0.8671,-1.2476,0.1124,50.0,3,-0.0136,0.199,0.14,0.0012,16.8231,0.42,1.4402
JPM,JPMorgan Chase & Co.,Financial Services,332.38,883527974912,1.1468,-1.2938,0.2601,0.1713,0.3016,0.0841,48.0,3,-0.0669,0.1391,0.0902,,,0.1821,0.7928
LMT,Lockheed Martin Corporation,Industrials,505.41,116643954688,0.4354,-0.3647,-0.8032,1.3518,0.2396,0.0436,46.0,3,-0.0492,-0.1781,0.039,0.0477,13.7801,0.3095,0.0225
PFE,Pfizer Inc.,Healthcare,27.8,158450925568,0.4171,0.1364,-0.1502,-0.815,0.6151,0.0401,44.0,3,-0.042,0.0153,0.0933,0.0788,8.2941,0.1879,0.2973
MSFT,Microsoft Corporation,Technology,517.53,3842942959616,-0.3817,0.4052,0.5917,-0.2276,-0.8347,0.0362,42.0,3,0.0417,0.3914,0.004,0.0043,20.0524,0.4019,0.962
WFC,Wells Fargo & Company,Financial Services,80.45,243280723968,1.8703,-1.3602,-0.1926,-0.4697,0.0914,0.0181,40.0,4,-0.0988,0.0096,0.0165,,,0.2325,0.758
PLD,"Prologis, Inc.",Real Estate,128.91,125312303104,-0.1576,0.1961,-0.1431,-0.0989,0.4523,0.0043,38.0,4,-0.0487,-0.0216,0.1415,0.0431,23.759,0.1996,0.455
CAT,Caterpillar Inc.,Industrials,845.42,388618321920,-0.5879,-0.4003,1.3469,0.1141,-1.0845,-0.0017,36.0,4,0.0671,0.1832,0.7741,0.013,26.3257,0.3416,1.7329
PEP,"PepsiCo, Inc.",Consumer Defensive,125.89,171965743104,0.5902,-0.1421,-0.9712,0.0078,1.0152,-0.0281,34.0,4,-0.0945,-0.1811,-0.0849,0.0455,11.3598,0.1814,-0.2412
TMO,Thermo Fisher Scientific Inc.,Healthcare,654.8,242110529536,-0.4066,-0.248,0.7889,-0.5218,-0.0214,-0.0468,32.0,4,0.0768,0.3347,0.2381,0.0258,23.9138,0.289,0.5406
PG,The Procter & Gamble Company,Consumer Defensive,144.91,336578478080,0.2192,0.0633,-0.4038,-0.8747,0.9572,-0.0658,30.0,4,-0.0185,0.0277,-0.0262,0.0395,14.6615,0.1634,-0.0349
META,"Meta Platforms, Inc.",Communication Services,728.08,1854788337664,-0.2176,0.516,-0.0227,-0.1894,-1.5277,-0.1123,28.0,4,0.2291,0.2696,0.0184,0.0116,17.1159,0.4783,1.4548
DIS,The Walt Disney Company,Communication Services,102.19,176450125824,0.2534,-0.2379,-0.337,-0.8413,0.0177,-0.2048,26.0,4,-0.0536,0.0659,-0.0822,0.0275,10.691,0.2639,0.6533
LIN,Linde plc,Basic Materials,479.48,221030776832,-0.2413,-0.0817,-0.4772,-0.5429,0.7468,-0.2068,24.0,4,-0.0131,-0.0398,0.0411,0.0188,17.7756,0.1913,0.0827
MCD,McDonald's Corporation,Consumer Cyclical,231.89,164095000576,0.3271,0.1997,-1.3584,-0.7133,0.7185,-0.2431,22.0,4,-0.1114,-0.2345,-0.2085,0.0382,14.5932,0.209,0.0044
GE,GE Aerospace,Industrials,309.56,321187840000,-0.5944,-0.1633,0.0199,-0.2022,-0.4948,-0.2642,20.0,5,-0.0605,0.1024,0.0328,0.0205,28.8862,0.2874,1.2406
DUK,Duke Energy Corporation,Utilities,114.13,88987410432,-0.2227,-0.3359,-0.7822,-0.7552,1.184,-0.3301,18.0,5,-0.0533,-0.1217,-0.0348,-0.0503,11.0493,0.1518,-0.2869
NFLX,"Netflix, Inc.",Communication Services,67.06,279233789952,0.5414,0.2266,-1.8423,-0.4395,-0.1766,-0.3522,16.0,5,-0.1894,-0.3203,-0.4273,0.0909,19.4718,0.3565,0.3105
HD,"The Home Depot, Inc.",Consumer Cyclical,282.85,282196508672,0.3038,-0.3204,-1.1307,-0.6679,0.1022,-0.3768,14.0,5,-0.1054,-0.1074,-0.2674,0.0381,13.9281,0.2381,0.7047
COST,Costco Wholesale Corporation,Consumer Defensive,920.65,408092835840,-0.6602,-0.3506,-0.6942,-0.4787,0.9243,-0.4056,12.0,5,-0.0084,-0.0902,0.0095,0.0175,27.5345,0.1814,-0.109
NEE,"NextEra Energy, Inc.",Utilities,76.83,160265715712,-0.9143,-0.2009,-0.7711,-0.2563,0.9111,-0.4189,10.0,5,-0.0755,-0.1629,0.0047,-0.1109,19.0925,0.1412,0.1822
WMT,Walmart Inc.,Consumer Defensive,104.26,829709352960,-0.4842,-0.3625,-0.8572,-0.7308,0.4379,-0.4918,8.0,5,-0.0172,-0.1676,0.0312,0.0086,20.3593,0.2779,-0.053
NKE,"NIKE, Inc.",Consumer Cyclical,33.87,50246103040,0.5408,-0.1296,-2.0078,-0.9109,-0.15,-0.5508,6.0,5,-0.1143,-0.2185,-0.5285,0.0352,10.845,0.2968,0.6751
ORCL,Oracle Corporation,Technology,142.3,431382593536,-1.0318,-0.1331,-1.4597,0.1887,-2.2965,-0.8575,4.0,5,-0.0237,-0.0211,-0.502,-0.1063,16.4877,0.5594,2.0257
TSLA,"Tesla, Inc.",Consumer Cyclical,370.59,1463662804992,-2.6789,-0.4583,-0.8215,-0.2014,-2.1178,-1.2317,2.0,5,0.038,0.0277,-0.1934,0.0033,133.6011,0.4962,2.2215
