rebalance_month,Q1_gross,Q1_turnover,Q1_net,Q2_gross,Q2_turnover,Q2_net,Q3_gross,Q3_turnover,Q3_net,Q4_gross,Q4_turnover,Q4_net,Q5_gross,Q5_turnover,Q5_net,EW_gross,EW_turnover,EW_net,LS_gross,LS_turnover,LS_net,SPY,IC
2014-12-31,0.000983,0.5,-1.7e-05,-0.058462,0.5,-0.059462,-0.03426,0.5,-0.03526,-0.021903,0.5,-0.022903,-0.006712,0.5,-0.007712,-0.024071,0.5,-0.025071,0.007696,1.0,0.005696,-0.02963,0.170516
2015-01-31,0.061557,0.111299,0.061334,0.031595,0.5,0.030595,0.057879,0.605213,0.056668,0.090869,0.508183,0.089853,0.061951,0.14431,0.061662,0.06077,0.025441,0.060719,-0.000394,0.255609,-0.000905,0.056205,-0.083121
2015-02-28,-0.002527,0.214813,-0.002956,-0.018586,0.322251,-0.019231,-0.012786,0.411994,-0.01361,-0.023338,0.307596,-0.023954,-0.042573,0.017933,-0.042609,-0.019962,0.020464,-0.020003,0.040047,0.232746,0.039581,-0.015706,0.396495
2015-03-31,-0.031743,0.303124,-0.032349,-0.012455,0.500242,-0.013456,0.007368,0.600838,0.006166,0.049093,0.505063,0.048083,0.107615,0.211658,0.107192,0.023975,0.013599,0.023948,-0.139358,0.514782,-0.140388,0.009834,-0.649364
2015-04-30,0.065809,0.212638,0.065383,0.025437,0.6,0.024237,0.008617,0.700707,0.007216,0.013504,0.510976,0.012482,-0.007917,0.231599,-0.00838,0.02109,0.02709,0.021036,0.073725,0.444237,0.072837,0.012856,0.489364
2015-05-31,-0.004663,0.123057,-0.004909,-0.013197,0.409236,-0.014016,-0.011591,0.7,-0.012991,-0.034825,0.506666,-0.035838,-0.012735,0.115649,-0.012966,-0.015402,0.015498,-0.015433,0.008072,0.238706,0.007594,-0.020312,0.167347
2015-06-30,0.062156,0.11588,0.061925,0.054262,0.311629,0.053639,0.034379,0.503294,0.033373,0.026473,0.6069,0.02526,-0.002179,0.313672,-0.002807,0.035018,0.017376,0.034984,0.064336,0.429552,0.063477,0.022589,0.328499
2015-07-31,-0.044723,0.123682,-0.044971,-0.055472,0.407839,-0.056287,-0.064304,0.407837,-0.065119,-0.042111,0.307069,-0.042725,-0.059992,0.140274,-0.060273,-0.05332,0.023748,-0.053368,0.015269,0.263956,0.014741,-0.06095,0.156303
2015-08-31,-0.009653,0.400233,-0.010453,0.001258,0.8,-0.000342,-0.023577,0.703202,-0.024984,-0.012772,0.610034,-0.013992,-0.01159,0.213643,-0.012018,-0.011267,0.014945,-0.011297,0.001937,0.613876,0.00071,-0.025516,0.141705
2015-09-30,0.076646,0.210705,0.076224,0.063382,0.500998,0.06238,0.103132,0.70315,0.101726,0.075527,0.702373,0.074122,0.07435,0.219597,0.073911,0.078607,0.017461,0.078572,0.002296,0.430302,0.001436,0.08506,-0.077551
2015-10-31,0.042889,0.305619,0.042277,0.007816,0.401768,0.007013,0.005082,0.414165,0.004254,0.013622,0.405382,0.012812,0.009416,0.225882,0.008965,0.015765,0.020345,0.015724,0.033472,0.531501,0.032409,0.003656,0.227659
2015-11-30,-0.002725,0.211537,-0.003148,0.001392,0.506335,0.000379,0.0206,0.506357,0.019587,-0.029859,0.40466,-0.030668,-0.019158,0.210969,-0.01958,-0.00595,0.014453,-0.005979,0.016433,0.422505,0.015588,-0.017282,0.173782
2015-12-31,-0.062892,0.113175,-0.063118,-0.015294,0.30374,-0.015902,-0.019533,0.306219,-0.020146,-0.060927,0.307611,-0.061542,-0.089855,0.227036,-0.090309,-0.0497,0.018348,-0.049737,0.026964,0.340211,0.026283,-0.049787,0.184154
2016-01-31,-0.01647,0.312805,-0.017096,-0.007871,0.502454,-0.008876,-0.013519,0.419669,-0.014359,0.007914,0.211,0.007492,-0.019318,0.132097,-0.019582,-0.009853,0.028746,-0.00991,0.002848,0.444902,0.001958,-0.000826,-0.055558
2016-02-29,0.070438,0.311526,0.069815,0.06264,0.402164,0.061835,0.069158,0.509506,0.068139,0.086111,0.509388,0.085092,0.094202,0.228646,0.093744,0.07651,0.017097,0.076475,-0.023764,0.540172,-0.024844,0.067266,-0.155534
2016-03-31,-0.014547,0.103358,-0.014753,-0.008528,0.310859,-0.00915,0.009884,0.404732,0.009075,0.031291,0.3101,0.030671,0.055891,0.224131,0.055443,0.014798,0.016945,0.014765,-0.070438,0.327489,-0.071093,0.003941,-0.549964
2016-04-30,0.034917,0.405409,0.034106,0.032476,0.701019,0.031074,0.001479,0.406642,0.000666,0.004151,0.410965,0.003329,0.026693,0.221657,0.026249,0.019943,0.02203,0.019899,0.008224,0.627066,0.00697,0.017012,0.038848
2016-05-31,0.041868,0.219425,0.041429,0.017514,0.509878,0.016494,0.007104,0.610404,0.005884,-0.007365,0.608622,-0.008582,-0.04544,0.318146,-0.046076,0.002736,0.020298,0.002696,0.087308,0.537571,0.086233,0.003475,0.530372
2016-06-30,0.038377,0.208393,0.03796,0.00927,0.5,0.00827,0.049341,0.508651,0.048324,0.062215,0.315554,0.061584,0.044868,0.117834,0.044632,0.040814,0.021603,0.040771,-0.006491,0.326227,-0.007144,0.036471,-0.287683
2016-07-31,-0.027299,0.117481,-0.027534,-0.004212,0.508684,-0.00523,0.016567,0.60988,0.015347,0.006036,0.50184,0.005032,0.046764,0.118104,0.046528,0.007571,0.020324,0.00753,-0.074064,0.235585,-0.074535,0.001198,-0.47054
2016-08-31,0.024638,0.209936,0.024218,0.00622,0.503678,0.005212,-0.002082,0.607062,-0.003296,-0.003166,0.506334,-0.004178,-0.02099,0.120658,-0.021231,0.000924,0.01889,0.000886,0.045628,0.330593,0.044967,5.8e-05,0.264826
2016-09-30,-0.002984,0.214216,-0.003412,-0.045033,0.604276,-0.046241,-0.014631,0.504708,-0.01564,-0.009919,0.309547,-0.010538,0.044941,0.122855,0.044695,-0.005525,0.016616,-0.005558,-0.047925,0.337071,-0.048599,-0.017337,-0.246867
2016-10-31,-0.003719,0.212445,-0.004143,0.019247,0.602155,0.018042,0.036905,0.806191,0.035293,0.056142,0.710589,0.054721,0.069585,0.324876,0.068935,0.035632,0.020429,0.035591,-0.073303,0.537321,-0.074378,0.036838,-0.324274
2016-11-30,0.025166,0.514383,0.024137,0.033407,0.712347,0.031982,0.023488,0.713545,0.022061,0.02137,0.507717,0.020354,0.042421,0.327612,0.041766,0.02917,0.037027,0.029096,-0.017255,0.841995,-0.018939,0.020272,-0.058824
2016-12-31,0.00355,0.607084,0.002336,-0.006151,0.407288,-0.006965,0.028881,0.806569,0.027268,0.045591,0.506331,0.044578,0.063425,0.216404,0.062992,0.027059,0.014341,0.027031,-0.059874,0.823488,-0.061521,0.017895,-0.401969
2017-01-31,0.033023,0.112029,0.032799,0.053978,0.5,0.052978,0.038294,0.509666,0.037274,0.038579,0.618324,0.037342,0.048362,0.219402,0.047924,0.042447,0.020164,0.042407,-0.015339,0.331431,-0.016002,0.039292,-0.025786
2017-02-28,-0.004684,0.214629,-0.005113,0.015243,0.412512,0.014418,-0.001972,0.7,-0.003372,0.020428,0.70081,0.019026,0.008162,0.406675,0.007348,0.007435,0.01432,0.007407,-0.012846,0.621305,-0.014088,0.00125,-0.141705
2017-03-31,0.005806,0.218998,0.005368,0.02671,0.408694,0.025892,0.038653,0.4079,0.037837,0.018013,0.411199,0.017191,0.018359,0.409686,0.01754,0.021508,0.014859,0.021478,-0.012554,0.628684,-0.013811,0.009926,-0.034622
2017-04-30,0.067225,0.307018,0.066611,0.008321,0.6,0.007121,0.030979,0.604836,0.02977,0.0129,0.311597,0.012277,0.000776,0.121315,0.000533,0.02404,0.015662,0.024009,0.066449,0.428333,0.065592,0.014113,0.2897
2017-05-31,-0.022693,0.40061,-0.023494,0.000114,0.9,-0.001686,0.006628,0.8,0.005028,0.037482,0.701154,0.03608,0.021966,0.419002,0.021128,0.0087,0.022291,0.008655,-0.044659,0.819612,-0.046298,0.006375,-0.32024
2017-06-30,0.056993,0.110199,0.056773,0.021697,0.40949,0.020878,0.019257,0.706686,0.017843,0.019934,0.705653,0.018522,0.011369,0.018787,0.011331,0.02585,0.018202,0.025813,0.045624,0.128987,0.045366,0.020554,0.258872
2017-07-31,0.040705,0.323852,0.040058,0.024407,0.604509,0.023198,0.015882,0.504651,0.014873,0.006054,0.503801,0.005047,-0.023364,0.213006,-0.02379,0.012737,0.016968,0.012703,0.064069,0.536858,0.062995,0.002917,0.54449
2017-08-31,0.001494,0.208634,0.001077,0.015891,0.604126,0.014682,-0.006616,0.705275,-0.008027,0.047186,0.310754,0.046565,0.056225,0.115185,0.055994,0.022836,0.015262,0.022805,-0.05473,0.323818,-0.055378,0.02015,-0.41503
2017-09-30,0.057528,0.210588,0.057107,0.070068,0.504867,0.069058,0.043737,0.9,0.041937,0.017959,0.803559,0.016352,-0.010981,0.217098,-0.011416,0.035662,0.020122,0.035622,0.068509,0.427686,0.067654,0.023564,0.436062
2017-10-31,0.034018,0.209595,0.033599,0.02036,0.410196,0.019539,0.027745,0.402361,0.026941,0.034936,0.511518,0.033913,0.047201,0.316565,0.046568,0.032852,0.022502,0.032807,-0.013183,0.52616,-0.014235,0.030566,-0.057287
2017-11-30,0.004113,0.209895,0.003693,0.004522,0.50675,0.003508,0.006605,0.602926,0.005399,0.015689,0.609997,0.014469,0.0207,0.424528,0.019851,0.010326,0.016046,0.010294,-0.016588,0.634423,-0.017857,0.012128,-0.326002
2017-12-31,0.097262,0.210339,0.096841,0.10387,0.307377,0.103255,0.066936,0.403713,0.066129,0.019578,0.701308,0.018175,0.052713,0.208734,0.052295,0.068072,0.01283,0.068046,0.044549,0.419073,0.043711,0.056359,0.306699
2018-01-31,-0.023265,0.219819,-0.023705,-0.010274,0.41482,-0.011104,-0.025969,0.612702,-0.027195,-0.07086,0.601609,-0.072063,-0.049417,0.416069,-0.05025,-0.035957,0.028008,-0.036013,0.026152,0.635888,0.02488,-0.036361,0.342617
2018-02-28,-0.034689,0.216296,-0.035122,-0.031026,0.507408,-0.03204,0.003013,0.610592,0.001791,-0.024121,0.415422,-0.024952,-0.041405,0.11564,-0.041636,-0.025646,0.022168,-0.02569,0.006716,0.331936,0.006052,-0.027411,-0.061993
2018-03-31,0.025448,0.303771,0.02484,0.033186,0.40803,0.03237,-0.000656,0.703967,-0.002064,0.015081,0.6,0.013881,0.028348,0.325809,0.027697,0.020281,0.018696,0.020244,-0.0029,0.62958,-0.004159,0.005168,0.00072
2018-04-30,0.060703,0.108043,0.060487,0.017365,0.214341,0.016937,-0.013517,0.600949,-0.014719,0.015939,0.612697,0.014713,0.035271,0.221892,0.034827,0.023152,0.018017,0.023116,0.025433,0.329935,0.024773,0.024309,0.197311
2018-05-31,0.041562,0.210155,0.041142,-0.021772,0.504187,-0.022781,0.005202,0.605209,0.003992,0.008019,0.413184,0.007192,0.033207,0.121219,0.032964,0.013243,0.019652,0.013204,0.008355,0.331375,0.007692,0.005751,0.064874
2018-06-30,0.001376,0.11301,0.00115,0.046204,0.603972,0.044996,0.058867,0.9,0.057067,0.05453,0.7,0.05313,0.019707,0.322361,0.019063,0.036137,0.018051,0.036101,-0.018331,0.435371,-0.019202,0.037047,-0.24533
2018-07-31,0.081944,0.213909,0.081517,0.057602,0.414423,0.056773,0.010407,0.405679,0.009595,0.017512,0.407777,0.016696,-0.000886,0.326902,-0.00154,0.033316,0.021649,0.033272,0.082831,0.540811,0.081749,0.03192,0.52557
2018-08-31,0.021109,0.207656,0.020694,0.025791,0.504242,0.024782,0.011255,0.415407,0.010425,0.002601,0.210215,0.002181,-0.004931,0.112819,-0.005156,0.011165,0.020271,0.011125,0.02604,0.320475,0.025399,0.005945,0.19952
2018-09-30,-0.098712,0.00763,-0.098728,-0.074927,0.107012,-0.075141,-0.007088,0.211716,-0.007511,-0.017463,0.301774,-0.018067,-0.043159,0.239592,-0.043638,-0.04827,0.017917,-0.048306,-0.055553,0.247222,-0.056048,-0.069104,-0.222761
2018-10-31,0.022217,0.501725,0.021213,0.047418,0.7,0.046018,0.025436,0.808548,0.023819,0.027322,0.620156,0.026082,-0.02272,0.244758,-0.023209,0.019935,0.035441,0.019864,0.044936,0.746483,0.043443,0.018549,0.237167
2018-11-30,-0.055703,0.400804,-0.056505,-0.07148,0.511461,-0.072503,-0.090666,0.701248,-0.092068,-0.085582,0.504714,-0.086591,-0.066073,0.263421,-0.0666,-0.073901,0.026666,-0.073954,0.01037,0.664225,0.009041,-0.088048,0.192701
2018-12-31,0.020615,0.106753,0.020401,0.039303,0.315548,0.038672,0.107502,0.408825,0.106685,0.070389,0.512331,0.069364,0.132204,0.423268,0.131357,0.074002,0.019806,0.073963,-0.111589,0.53002,-0.112649,0.080065,-0.522401
2019-01-31,0.031941,0.113577,0.031713,0.037665,0.602888,0.036459,0.038978,0.608741,0.037761,0.036653,0.301753,0.03605,0.020592,0.229055,0.020134,0.033166,0.026176,0.033114,0.011348,0.342632,0.010663,0.032416,0.126627
2019-02-28,0.035216,0.201533,0.034813,0.012802,0.400739,0.012001,0.038502,0.405362,0.037691,-0.002247,0.408903,-0.003065,0.02017,0.213429,0.019743,0.020888,0.014747,0.020859,0.015046,0.414961,0.014216,0.018101,0.200576
2019-03-31,0.003003,0.205018,0.002593,0.048352,0.509412,0.047333,0.053519,0.503761,0.052512,0.051227,0.310825,0.050606,0.038427,0.129284,0.038169,0.038906,0.016828,0.038872,-0.035424,0.334302,-0.036093,0.040852,-0.233133
2019-04-30,-0.033973,0.315719,-0.034604,-0.055374,0.504197,-0.056382,-0.047317,0.510437,-0.048337,-0.066477,0.504233,-0.067486,-0.106963,0.326637,-0.107616,-0.062021,0.022671,-0.062066,0.07299,0.642356,0.071705,-0.063771,0.405618
2019-05-31,0.047938,0.3,0.047338,0.069192,0.5,0.068192,0.083648,0.509625,0.082629,0.071335,0.307806,0.070719,0.091342,0.23512,0.090872,0.072691,0.024636,0.072642,-0.043404,0.53512,-0.044474,0.069587,-0.276447
2019-06-30,0.007625,0.302953,0.007019,0.014064,0.30909,0.013445,-0.014577,0.504998,-0.015587,0.004034,0.400122,0.003234,0.019751,0.229079,0.019293,0.006179,0.017019,0.006145,-0.012126,0.532032,-0.01319,0.015119,-0.021465
2019-07-31,0.030136,0.5,0.029136,0.007238,0.706062,0.005826,-0.022848,0.60106,-0.02405,-0.053782,0.508246,-0.054798,-0.056823,0.117866,-0.057059,-0.019216,0.017134,-0.01925,0.08696,0.617866,0.085724,-0.016743,0.564754
2019-08-31,0.002204,0.407953,0.001388,0.010067,0.701489,0.008664,0.01974,0.419485,0.018901,0.023617,0.508188,0.0226,0.045278,0.315106,0.044648,0.020181,0.02593,0.020129,-0.043074,0.723059,-0.04452,0.019458,-0.325618
2019-09-30,-0.005283,0.204769,-0.005692,0.027185,0.308955,0.026567,0.020724,0.213087,0.020297,0.041003,0.40401,0.040195,0.093929,0.316736,0.093296,0.035512,0.017839,0.035476,-0.099212,0.521505,-0.100255,0.022105,-0.47563
2019-10-31,-0.005692,0.104736,-0.005901,0.032647,0.202422,0.032243,0.063019,0.406621,0.062205,0.064846,0.505081,0.063836,0.051246,0.23394,0.050778,0.041213,0.020333,0.041173,-0.056938,0.338676,-0.057615,0.036199,-0.496759
2019-11-30,0.026203,0.407673,0.025388,0.0327,0.5,0.0317,0.040887,0.805355,0.039277,0.0146,0.406295,0.013788,0.050344,0.419372,0.049505,0.032947,0.015889,0.032915,-0.024141,0.827045,-0.025795,0.029055,-0.120096
2019-12-31,0.031813,0.309293,0.031195,0.050674,0.404877,0.049864,0.003122,0.507992,0.002106,0.016756,0.600529,0.015555,-0.021651,0.312098,-0.022275,0.016143,0.014563,0.016114,0.053464,0.621391,0.052221,-0.000404,0.203169
2020-01-31,-0.055855,0.112731,-0.05608,-0.071165,0.518595,-0.072202,-0.07231,0.702489,-0.073715,-0.09465,0.709968,-0.09607,-0.09222,0.136339,-0.092493,-0.07724,0.032881,-0.077306,0.036365,0.249069,0.035867,-0.079166,0.252341
2020-02-29,-0.073507,0.220375,-0.073948,-0.092439,0.506976,-0.093453,-0.109031,0.610467,-0.110252,-0.115042,0.413239,-0.115869,-0.137258,0.225449,-0.137708,-0.105455,0.021248,-0.105498,0.06375,0.445824,0.062859,-0.124871,0.168307
2020-03-31,0.148982,0.415332,0.148152,0.106505,0.606455,0.105292,0.112096,0.604289,0.110887,0.082351,0.614266,0.081123,0.167045,0.469297,0.166106,0.123396,0.045354,0.123305,-0.018062,0.884629,-0.019832,0.126984,-0.059976
2020-04-30,0.041521,0.124456,0.041272,0.048056,0.212691,0.047631,0.057224,0.311622,0.056601,0.05798,0.308495,0.057363,0.020699,0.125951,0.020447,0.045096,0.028946,0.045038,0.020821,0.250408,0.020321,0.047645,0.018487
2020-05-31,0.089563,0.119191,0.089325,-0.011203,0.313791,-0.011831,0.003968,0.312732,0.003342,0.000538,0.220477,9.7e-05,-0.003168,0.120493,-0.003409,0.015939,0.021831,0.015896,0.092731,0.239685,0.092251,0.017734,0.268956
2020-06-30,0.082711,0.213506,0.082284,0.085221,0.411654,0.084398,0.047801,0.312023,0.047177,0.056437,0.309724,0.055817,-0.021455,0.114962,-0.021685,0.050143,0.026027,0.050091,0.104166,0.328468,0.103509,0.058892,0.454406
2020-07-31,0.17727,0.223082,0.176824,0.054884,0.312991,0.054259,0.085178,0.318432,0.084541,0.062136,0.308013,0.06152,0.034887,0.128182,0.034631,0.082871,0.026245,0.082819,0.142383,0.351264,0.14168,0.069797,0.253782
2020-08-31,-0.057249,0.151958,-0.057553,-0.026275,0.211608,-0.026698,0.013499,0.22906,0.013041,-0.027393,0.319344,-0.028031,-0.047722,0.213989,-0.04815,-0.029028,0.03368,-0.029095,-0.009527,0.365947,-0.010259,-0.037444,0.001104
2020-09-30,-0.047616,0.221952,-0.04806,-0.035656,0.500334,-0.036657,-0.033523,0.608372,-0.034739,-0.030892,0.311147,-0.031515,-0.018675,0.129674,-0.018935,-0.033272,0.023234,-0.033319,-0.02894,0.351626,-0.029644,-0.024933,-0.074094
2020-10-31,0.109034,0.509063,0.108016,0.066182,0.700894,0.06478,0.102339,0.700398,0.100938,0.143724,0.507,0.14271,0.236348,0.132349,0.236083,0.131525,0.022172,0.131481,-0.127314,0.641411,-0.128597,0.108777,-0.509052
2020-11-30,0.025598,0.132704,0.025333,0.039059,0.312798,0.038434,0.017879,0.508967,0.016861,0.077617,0.412055,0.076793,0.054847,0.129327,0.054589,0.043,0.036561,0.042927,-0.029249,0.262032,-0.029773,0.037048,-0.227179
2020-12-31,0.001985,0.318715,0.001347,-0.035261,0.608918,-0.036479,-0.023383,0.407458,-0.024198,-0.023579,0.711233,-0.025002,0.013137,0.221527,0.012694,-0.01342,0.02369,-0.013468,-0.011152,0.540242,-0.012233,-0.01019,-0.059208
2021-01-31,0.000862,0.209933,0.000442,0.045609,0.703788,0.044202,0.004957,0.802892,0.003351,-0.007256,0.512139,-0.008281,0.133968,0.131159,0.133706,0.035628,0.023966,0.03558,-0.133106,0.341093,-0.133788,0.027805,-0.262041
2021-02-28,0.008977,0.426721,0.008123,0.032074,0.317027,0.03144,0.074953,0.512662,0.073928,0.073346,0.510744,0.072325,0.060423,0.513082,0.059397,0.049955,0.038739,0.049877,-0.051446,0.939802,-0.053326,0.045399,-0.330804
2021-03-31,0.024542,0.402,0.023738,0.044998,0.703838,0.04359,0.037764,0.9,0.035964,0.047441,0.7,0.046041,0.056342,0.421294,0.0555,0.042217,0.021778,0.042174,-0.0318,0.823295,-0.033447,0.05291,-0.210948
2021-04-30,0.033081,0.108417,0.032864,0.04201,0.413373,0.041183,0.012489,0.511328,0.011466,-0.002473,0.510273,-0.003493,0.004228,0.417834,0.003392,0.017867,0.018546,0.01783,0.028853,0.526252,0.0278,0.006566,0.468139
2021-05-31,-0.010599,0.214693,-0.011029,0.006259,0.505667,0.005247,0.01469,0.410565,0.013869,0.058188,0.6,0.056988,0.048148,0.406307,0.047336,0.023337,0.01596,0.023305,-0.058748,0.621,-0.05999,0.022427,-0.434718
2021-06-30,-0.009689,0.219514,-0.010128,0.035828,0.508742,0.03481,0.039532,0.607837,0.038316,0.03413,0.716274,0.032697,0.032855,0.309532,0.032236,0.026531,0.022836,0.026485,-0.042543,0.529046,-0.043601,0.024412,-0.217095
2021-07-31,0.049835,0.316999,0.049201,0.034805,0.700619,0.033403,0.017982,0.6,0.016782,0.002221,0.409222,0.001402,0.039544,0.21989,0.039104,0.028877,0.019775,0.028838,0.010292,0.53689,0.009218,0.02976,0.067083
2021-08-31,-0.056223,0.407404,-0.057037,-0.066671,0.607219,-0.067886,-0.028932,0.706371,-0.030344,-0.028974,0.701617,-0.030377,0.011425,0.613702,0.010198,-0.033875,0.018571,-0.033912,-0.067648,1.021106,-0.06969,-0.046606,-0.436158
2021-09-30,0.111802,0.213675,0.111374,0.118948,0.508249,0.117932,0.072795,0.708028,0.071379,0.085393,0.51476,0.084363,0.042377,0.334547,0.041708,0.086263,0.024554,0.086214,0.069424,0.548222,0.068328,0.070163,0.3188
2021-10-31,-0.015928,0.209218,-0.016347,0.014876,0.523281,0.01383,0.004533,0.604068,0.003325,-0.048319,0.414446,-0.049148,-0.025612,0.234111,-0.026081,-0.01409,0.026398,-0.014143,0.009684,0.443329,0.008797,-0.008035,0.021945
2021-11-30,0.021625,0.508959,0.020607,0.011561,0.715689,0.01013,0.086023,0.600726,0.084822,0.068689,0.41318,0.067863,0.051126,0.227018,0.050672,0.047805,0.027029,0.047751,-0.0295,0.735977,-0.030972,0.046248,-0.281056
2021-12-31,-0.077038,0.212307,-0.077463,-0.043422,0.700622,-0.044823,0.031189,0.701086,0.029786,-0.044103,0.606697,-0.045316,-0.019478,0.218143,-0.019915,-0.03057,0.026918,-0.030624,-0.05756,0.43045,-0.058421,-0.052741,-0.340888
2022-01-31,0.011834,0.515979,0.010802,-0.04337,0.803835,-0.044977,-0.008485,0.807425,-0.0101,-0.042159,0.310582,-0.04278,-0.072238,0.129925,-0.072498,-0.030884,0.037647,-0.030959,0.084072,0.645903,0.08278,-0.029517,0.276639
2022-02-28,0.07356,0.220517,0.073119,0.02433,0.412227,0.023505,0.063928,0.51311,0.062902,0.063559,0.312198,0.062934,-0.00454,0.135941,-0.004812,0.044167,0.026505,0.044114,0.0781,0.356458,0.077387,0.03759,0.322737
2022-03-31,-0.027502,0.10863,-0.027719,-0.057259,0.402007,-0.058063,-0.085886,0.60904,-0.087104,-0.065091,0.616572,-0.066324,-0.16067,0.217618,-0.161105,-0.079281,0.028119,-0.079338,0.133168,0.326248,0.132515,-0.087769,0.409556
2022-04-30,0.047425,0.216314,0.046992,-0.042449,0.410839,-0.043271,0.013929,0.611532,0.012706,0.000669,0.512668,-0.000356,0.010987,0.255844,0.010475,0.006112,0.039506,0.006033,0.036438,0.472158,0.035494,0.002257,0.065642
2022-05-31,-0.048301,0.212709,-0.048726,-0.026036,0.432628,-0.026901,-0.086128,0.409804,-0.086947,-0.092707,0.304326,-0.093315,-0.125798,0.226566,-0.126251,-0.075794,0.027531,-0.075849,0.077497,0.439275,0.076619,-0.08246,0.432605
2022-06-30,0.026913,0.034526,0.026844,0.035741,0.311453,0.035119,0.115432,0.322293,0.114787,0.093811,0.116051,0.093579,0.170989,0.022331,0.170944,0.088577,0.032264,0.088513,-0.144076,0.056857,-0.14419,0.092087,-0.542761
2022-07-31,-0.017024,0.120558,-0.017266,-0.050606,0.316097,-0.051238,-0.038017,0.307958,-0.038633,-0.03666,0.209832,-0.03708,-0.048214,0.133704,-0.048481,-0.038104,0.026728,-0.038158,0.031189,0.254262,0.030681,-0.040802,0.02934
2022-08-31,-0.051,0.215379,-0.05143,-0.056983,0.511665,-0.058006,-0.092157,0.412919,-0.092983,-0.105894,0.310447,-0.106514,-0.140739,0.131863,-0.141002,-0.089354,0.019709,-0.089394,0.089739,0.347242,0.089044,-0.092446,0.484658
2022-09-30,0.165991,0.211672,0.165567,0.069618,0.40927,0.068799,0.120604,0.315523,0.119973,0.117223,0.116419,0.11699,0.072181,0.036387,0.072108,0.109123,0.025396,0.109072,0.09381,0.248059,0.093314,0.081276,0.09455
2022-10-31,0.02517,0.214299,0.024741,0.07831,0.415032,0.07748,0.082745,0.312129,0.082121,0.069427,0.415651,0.068595,0.080642,0.359253,0.079924,0.067259,0.037023,0.067185,-0.055473,0.573552,-0.05662,0.055592,-0.261465
2022-11-30,-0.017881,0.111922,-0.018105,-0.032877,0.40552,-0.033688,-0.04236,0.506125,-0.043373,-0.033233,0.506378,-0.034245,-0.104034,0.143522,-0.104321,-0.046077,0.02407,-0.046125,0.086153,0.255444,0.085642,-0.057628,0.281248
2022-12-31,-0.011625,0.20734,-0.01204,0.016218,0.608164,0.015002,0.043987,0.514712,0.042957,0.063541,0.310354,0.062921,0.208888,0.146956,0.208594,0.064202,0.026372,0.064149,-0.220513,0.354296,-0.221222,0.062887,-0.627467
2023-01-31,-0.026701,0.219058,-0.027139,-0.025408,0.421262,-0.026251,-0.033918,0.331711,-0.034581,-0.040979,0.228126,-0.041435,0.017421,0.038961,0.017343,-0.021917,0.04111,-0.021999,-0.044121,0.258019,-0.044637,-0.025143,0.003794
2023-02-28,0.020241,0.215383,0.01981,0.025307,0.511854,0.024283,0.021618,0.410412,0.020797,0.007265,0.21205,0.006841,0.112932,0.149508,0.112633,0.037472,0.025035,0.037422,-0.092692,0.364891,-0.093422,0.037078,-0.27539
2023-03-31,0.031044,0.312036,0.03042,0.039699,0.502672,0.038694,0.02612,0.412144,0.025296,0.003149,0.500675,0.002148,0.003875,0.333326,0.003208,0.020778,0.029493,0.020719,0.02717,0.645362,0.025879,0.015975,0.255894
2023-04-30,0.084525,0.303827,0.083917,-0.052533,0.40277,-0.053339,-0.009447,0.81126,-0.01107,-0.025191,0.6,-0.026391,0.028901,0.324243,0.028253,0.005251,0.018319,0.005214,0.055624,0.62807,0.054367,0.004616,0.017047
2023-05-31,0.073514,0.328354,0.072858,0.055775,0.505666,0.054763,0.047485,0.512774,0.046459,0.040274,0.711485,0.038851,0.076577,0.335923,0.075905,0.058725,0.040858,0.058643,-0.003063,0.664277,-0.004391,0.0648,0.218727
2023-06-30,0.03401,0.212211,0.033585,0.004013,0.604898,0.002803,0.021385,0.6,0.020185,0.084106,0.40895,0.083288,0.032476,0.522908,0.03143,0.035198,0.01877,0.03516,0.001533,0.735119,6.3e-05,0.032733,-0.210564
2023-07-31,0.028394,0.215993,0.027962,-0.018804,0.60389,-0.020012,0.02177,0.504715,0.020761,-0.028633,0.407748,-0.029448,-0.041879,0.320074,-0.042519,-0.007831,0.020583,-0.007872,0.070273,0.536067,0.069201,-0.016252,0.384106
2023-08-31,-0.064523,0.217213,-0.064957,-0.049353,0.609737,-0.050572,-0.043302,0.518094,-0.044338,-0.010452,0.210326,-0.010873,-0.058336,0.120139,-0.058576,-0.045193,0.020272,-0.045234,-0.006187,0.337352,-0.006862,-0.047434,-0.118175
2023-09-30,-0.023616,0.217552,-0.024052,-0.018562,0.502911,-0.019568,-0.00506,0.604835,-0.00627,-0.004008,0.614507,-0.005237,-0.034431,0.210969,-0.034853,-0.017135,0.018486,-0.017172,0.010814,0.428521,0.009957,-0.021709,0.017143
2023-10-31,0.06051,0.403983,0.059702,0.084064,0.803388,0.082457,0.070981,0.904273,0.069172,0.092829,0.700402,0.091428,0.090366,0.323044,0.08972,0.07975,0.025033,0.0797,-0.029856,0.727027,-0.03131,0.091344,-0.0812
2023-11-30,0.032116,0.4,0.031316,0.056938,0.508318,0.055922,0.031064,0.707697,0.029649,0.040335,0.707219,0.038921,0.056142,0.223214,0.055695,0.043319,0.023097,0.043273,-0.024026,0.623214,-0.025273,0.045655,-0.081489
2023-12-31,0.072774,0.409839,0.071954,0.021885,0.807863,0.020269,0.023906,0.503494,0.022899,0.016057,0.505774,0.015046,-0.023929,0.327806,-0.024584,0.022139,0.023822,0.022091,0.096703,0.737646,0.095227,0.015926,0.462377
2024-01-31,0.129675,0.30704,0.129061,0.048042,0.603543,0.046835,0.019243,0.604541,0.018033,0.01556,0.708461,0.014143,0.033217,0.230261,0.032757,0.049147,0.02442,0.049099,0.096457,0.5373,0.095383,0.052187,0.447203
2024-02-29,0.031373,0.118015,0.031137,0.024603,0.301379,0.024,0.030408,0.605279,0.029198,0.053059,0.407333,0.052245,0.027406,0.121839,0.027162,0.03337,0.026504,0.033317,0.003968,0.239854,0.003488,0.032702,-0.141128
2024-03-31,-0.025952,0.213411,-0.026379,-0.064077,0.601046,-0.065279,-0.045091,0.705799,-0.046502,-0.011906,0.406375,-0.012719,-0.013157,0.326918,-0.013811,-0.032037,0.021482,-0.03208,-0.012794,0.540329,-0.013875,-0.04032,-0.243505
2024-04-30,0.081847,0.218948,0.081409,-0.004195,0.406666,-0.005009,0.023425,0.5,0.022425,0.019642,0.506962,0.018629,0.05503,0.317857,0.054394,0.03515,0.022457,0.035105,0.026818,0.536805,0.025744,0.05058,0.108091
2024-05-31,0.028859,0.223309,0.028412,0.037835,0.602882,0.036629,-0.013073,0.609527,-0.014292,0.004189,0.60439,0.002981,0.057806,0.22445,0.057357,0.023123,0.024504,0.023074,-0.028947,0.447759,-0.029843,0.03528,-0.018391
2024-06-30,-0.005458,0.216783,-0.005891,-0.004741,0.318652,-0.005379,0.054413,0.314508,0.053784,0.038824,0.415304,0.037994,0.060078,0.241871,0.059594,0.028623,0.027066,0.028569,-0.065536,0.458654,-0.066453,0.012109,-0.394286
2024-07-31,0.069787,0.224446,0.069338,0.034577,0.502784,0.033571,0.012858,0.511011,0.011836,0.026312,0.614113,0.025083,0.021403,0.322264,0.020759,0.032987,0.026108,0.032935,0.048384,0.54671,0.04729,0.023365,0.205666
2024-08-31,0.006563,0.217747,0.006127,0.015457,0.405255,0.014646,0.027206,0.607344,0.025992,0.008845,0.409734,0.008026,0.044578,0.221685,0.044135,0.02053,0.018466,0.020493,-0.038016,0.439432,-0.038895,0.021005,-0.148908
2024-09-30,-0.017918,0.301304,-0.018521,-0.005731,0.507795,-0.006747,-0.015091,0.804353,-0.0167,0.009097,0.602502,0.007892,-0.03012,0.130736,-0.030382,-0.011953,0.021747,-0.011996,0.012202,0.432041,0.011338,-0.008924,-0.002737
2024-10-31,0.065721,0.507247,0.064707,0.068543,0.801465,0.06694,0.041561,0.508079,0.040545,0.04448,0.505762,0.043469,0.093515,0.323476,0.092868,0.062764,0.023156,0.062718,-0.027794,0.830722,-0.029456,0.059633,0.054022
2024-11-30,-0.045553,0.207836,-0.045969,0.003383,0.604064,0.002175,-0.033583,0.51124,-0.034605,-0.05001,0.802497,-0.051615,-0.030786,0.530511,-0.031847,-0.03131,0.029639,-0.031369,-0.014768,0.738347,-0.016244,-0.02406,0.050276
2024-12-31,0.077664,0.306472,0.077051,0.059959,0.709793,0.05854,-0.003202,0.614329,-0.00443,0.03753,0.415199,0.0367,0.040524,0.126084,0.040271,0.042495,0.027915,0.042439,0.03714,0.432556,0.036275,0.026856,0.298535
2025-01-31,-0.045279,0.3,-0.045879,0.009604,0.41006,0.008784,0.00784,0.605613,0.006629,0.053434,0.605003,0.052224,-0.024663,0.224251,-0.025112,0.000187,0.023062,0.000141,-0.020615,0.524251,-0.021664,-0.012695,-0.119904
2025-02-28,-0.077623,0.224154,-0.078072,-0.077411,0.413218,-0.078237,-0.020223,0.426745,-0.021077,-0.029724,0.41788,-0.03056,-0.047002,0.223793,-0.04745,-0.050397,0.02909,-0.050455,-0.030621,0.447946,-0.031517,-0.055719,-0.239664
2025-03-31,0.024266,0.213639,0.023839,-0.033219,0.603947,-0.034427,-0.031625,0.7,-0.033025,-0.030347,0.615868,-0.031579,-0.032848,0.338604,-0.033526,-0.020755,0.029341,-0.020813,0.057114,0.552243,0.05601,-0.00867,0.221609
2025-04-30,0.003624,0.508326,0.002608,0.085888,0.702508,0.084483,0.060826,0.607366,0.059611,0.071329,0.702704,0.069924,0.023355,0.323423,0.022709,0.049005,0.028501,0.048948,-0.019731,0.831749,-0.021395,0.062845,-0.113661
2025-05-31,0.014816,0.216933,0.014382,0.01304,0.513752,0.012013,0.054406,0.533738,0.053338,0.061669,0.410991,0.060847,0.061389,0.254031,0.060881,0.041064,0.036787,0.04099,-0.046573,0.470964,-0.047515,0.051386,-0.299496
2025-06-30,-0.007351,0.410437,-0.008172,0.033687,0.614182,0.032459,-0.001044,0.60756,-0.002259,0.040256,0.325195,0.039606,-0.014255,0.325145,-0.014905,0.010259,0.027875,0.010203,0.006904,0.735582,0.005433,0.023031,-0.024442
2025-07-31,-0.004858,0.413333,-0.005685,0.030203,0.407114,0.029389,0.031669,0.314882,0.03104,0.051591,0.314901,0.050961,0.071195,0.130505,0.070934,0.03596,0.02475,0.035911,-0.076053,0.543838,-0.077141,0.02052,-0.458055
2025-08-31,0.084522,0.216458,0.084089,0.025075,0.509185,0.024056,-0.014961,0.603814,-0.016168,0.037019,0.502836,0.036013,0.014671,0.219774,0.014232,0.029265,0.018978,0.029227,0.069851,0.436232,0.068978,0.03562,0.292677
2025-09-30,0.031591,0.217305,0.031157,0.028756,0.410739,0.027935,-0.019201,0.311688,-0.019825,-0.009358,0.416664,-0.010192,0.036732,0.22554,0.036281,0.013704,0.027741,0.013648,-0.00514,0.442846,-0.006026,0.023838,0.05527
2025-10-31,-0.006715,0.317603,-0.00735,0.014128,0.321947,0.013484,0.011127,0.307151,0.010512,0.012279,0.509289,0.01126,0.021051,0.332759,0.020385,0.010374,0.02741,0.010319,-0.027765,0.650362,-0.029066,0.00195,0.052005
2025-11-30,-0.003286,0.402746,-0.004091,-0.007599,0.507979,-0.008614,0.001454,0.706035,4.2e-05,0.003792,0.611984,0.002568,0.03682,0.24166,0.036336,0.006236,0.027494,0.006181,-0.040105,0.644405,-0.041394,0.000797,-0.21527
2025-12-31,0.039386,0.103559,0.039179,0.017207,0.2157,0.016776,0.070154,0.406561,0.069341,0.029619,0.405057,0.028809,-0.045252,0.31563,-0.045883,0.022223,0.018903,0.022185,0.084638,0.419189,0.0838,0.014738,0.180984
2026-01-31,0.047717,0.316667,0.047083,0.027502,0.316973,0.026868,0.019041,0.327867,0.018386,0.050278,0.22741,0.049823,-0.048625,0.255325,-0.049136,0.019183,0.03625,0.01911,0.096342,0.571992,0.095198,-0.008642,0.2606
2026-02-28,-0.039185,0.312928,-0.039811,-0.040042,0.711349,-0.041465,-0.04609,0.61162,-0.047313,-0.015952,0.608321,-0.017168,-0.061865,0.126578,-0.062118,-0.040627,0.035248,-0.040697,0.02268,0.439505,0.021801,-0.04938,0.035678
2026-03-31,0.029689,0.110865,0.029468,-0.003413,0.414371,-0.004241,0.100456,0.513453,0.099429,0.035761,0.419214,0.034923,0.076422,0.11994,0.076182,0.047783,0.022669,0.047738,-0.046732,0.230805,-0.047194,0.105053,-0.229004
2026-04-30,-0.037778,0.241454,-0.038261,0.029856,0.505312,0.028845,0.033261,0.518452,0.032224,0.023182,0.513434,0.022155,0.076902,0.250045,0.076402,0.025085,0.040976,0.025003,-0.11468,0.491499,-0.115663,0.052626,-0.338007
2026-05-31,0.010595,0.30765,0.00998,-0.020909,0.513497,-0.021936,-0.019395,0.522746,-0.020441,0.055558,0.225182,0.055108,-0.118772,0.13454,-0.119042,-0.018585,0.034021,-0.018653,0.129368,0.44219,0.128483,-0.010293,0.163505
2026-06-30,0.025976,0.237168,0.025501,0.028601,0.517704,0.027566,0.039895,0.51815,0.038859,0.051838,0.612796,0.050612,0.032527,0.255115,0.032017,0.035767,0.042611,0.035682,-0.006552,0.492283,-0.007536,0.000348,-0.11539
2026-07-31,0.015112,0.531536,0.014049,0.0105,0.605264,0.00929,0.005862,0.412442,0.005037,-0.001962,0.317076,-0.002596,0.119342,0.154029,0.119034,0.029771,0.033871,0.029703,-0.10423,0.685565,-0.105601,0.026799,-0.218247
2026-08-31,-0.043431,0.314533,-0.04406,-0.010918,0.705702,-0.012329,-0.045438,0.707155,-0.046852,-0.043641,0.604678,-0.044851,-0.053309,0.236376,-0.053782,-0.039347,0.029929,-0.039407,0.009878,0.550909,0.008776,-0.003293,0.248884
2026-09-30,0.002192,0.400848,0.00139,0.003609,0.514784,0.002579,0.003888,0.407913,0.003072,0.003557,0.416402,0.002724,0.001215,0.143182,0.000929,0.002892,0.025834,0.002841,0.000976,0.54403,-0.000112,0.009192,0.020024
