Portfolio,CAGR,AnnVol,Sharpe,Sortino,MaxDD,Calmar,WinRate,BestMonth,WorstMonth,Beta,Alpha,TrackingError,InfoRatio,AvgTurnover
Q1_net,0.1777,0.1524,1.1555,2.0325,-0.1913,0.9287,0.6901,0.1258,-0.1337,0.8566,0.0565,0.0864,0.4228,0.253
Q1_gross,0.1847,0.1524,1.1953,2.12,-0.1904,0.9702,0.6972,0.1262,-0.1332,0.8566,0.0626,0.0864,0.4928,0.253
Q2_net,0.1299,0.1393,0.9504,1.578,-0.196,0.6627,0.6408,0.1013,-0.1204,0.8391,0.0153,0.0664,-0.1085,0.4745
Q2_gross,0.1427,0.1393,1.0324,1.7449,-0.1935,0.7375,0.6408,0.1021,-0.1195,0.839,0.0267,0.0664,0.063,0.4745
Q3_net,0.1239,0.154,0.8388,1.3601,-0.2172,0.5705,0.6408,0.1336,-0.1476,0.966,-0.0057,0.0558,-0.1871,0.5155
Q3_gross,0.1378,0.154,0.9191,1.5167,-0.2152,0.6402,0.6479,0.1352,-0.1466,0.9661,0.0067,0.0557,0.0348,0.5155
Q4_net,0.1246,0.1728,0.7691,1.2388,-0.2553,0.4881,0.669,0.1415,-0.1699,1.0574,-0.0147,0.0722,-0.0928,0.4538
Q4_gross,0.1368,0.1728,0.8321,1.3585,-0.2529,0.5411,0.669,0.1426,-0.1689,1.0574,-0.0038,0.0722,0.058,0.4538
Q5_net,0.1682,0.2333,0.7865,1.322,-0.3591,0.4685,0.6268,0.2562,-0.2723,1.3812,-0.0093,0.1243,0.353,0.2336
Q5_gross,0.1747,0.2333,0.8106,1.3696,-0.3579,0.4883,0.6268,0.2567,-0.2718,1.381,-0.0037,0.1243,0.398,0.2336
LS_net,-0.0332,0.1735,-0.1071,-0.1435,-0.4901,-0.0678,0.493,0.1375,-0.1497,-0.5242,0.0546,0.2746,-0.5761,0.4866
LS_gross,-0.0218,0.1735,-0.0398,-0.054,-0.4401,-0.0496,0.493,0.1385,-0.1489,-0.5244,0.0663,0.2746,-0.5335,0.4866
EW_net,0.1568,0.16,0.9958,1.6534,-0.2398,0.6542,0.6831,0.1487,-0.1683,1.0206,0.0168,0.0507,0.3884,0.0309
EW_gross,0.1577,0.16,1.0004,1.6627,-0.2396,0.6581,0.6831,0.1488,-0.1682,1.0205,0.0176,0.0508,0.4028,0.0309
SPY,0.1365,0.1487,0.9389,1.5363,-0.2393,0.5704,0.6901,0.127,-0.1249,1.0,0.0,0.0,,
